{"cameraMode":{"drawMode":0,"name":"Shaded","section":"Shading Mode"},"sceneLighting":false,"audioPlay":false,"sceneViewState":{"m_AlwaysRefresh":false,"showFog":true,"showSkybox":false,"showFlares":true,"showImageEffects":true,"showParticleSystems":true,"showVisualEffectGraphs":true,"m_FxEnabled":true},"in2DMode":false,"pivot":{"x":-3.8701624870300295,"y":-27.423198699951173,"z":-18.02281951904297},"rotation":{"x":-0.028973829001188279,"y":-0.9177574515342712,"z":0.39018678665161135,"w":-0.0681486502289772},"size":28.760841369628908,"orthographic":false}