{
    "name": "root",
    "gauges": {
        "SelfDriving.Policy.Entropy.mean": {
            "value": 1.428908348083496,
            "min": 1.4162331819534302,
            "max": 1.4384148120880127,
            "count": 500
        },
        "SelfDriving.Policy.Entropy.sum": {
            "value": 3549.408203125,
            "min": 1417.3348388671875,
            "max": 4571.8193359375,
            "count": 500
        },
        "SelfDriving.Environment.EpisodeLength.mean": {
            "value": 321.42857142857144,
            "min": 204.0,
            "max": 470.3333333333333,
            "count": 500
        },
        "SelfDriving.Environment.EpisodeLength.sum": {
            "value": 2250.0,
            "min": 382.0,
            "max": 3794.0,
            "count": 500
        },
        "SelfDriving.Step.mean": {
            "value": 999890.0,
            "min": 1771.0,
            "max": 999890.0,
            "count": 500
        },
        "SelfDriving.Step.sum": {
            "value": 999890.0,
            "min": 1771.0,
            "max": 999890.0,
            "count": 500
        },
        "SelfDriving.Policy.ExtrinsicValueEstimate.mean": {
            "value": -0.11727717518806458,
            "min": -0.4616493880748749,
            "max": -0.04040968418121338,
            "count": 500
        },
        "SelfDriving.Policy.ExtrinsicValueEstimate.sum": {
            "value": -1.524603247642517,
            "min": -5.078143119812012,
            "max": -0.5102124810218811,
            "count": 500
        },
        "SelfDriving.Environment.CumulativeReward.mean": {
            "value": -4.224285568509783,
            "min": -5.5099998116493225,
            "max": -3.079999711778429,
            "count": 500
        },
        "SelfDriving.Environment.CumulativeReward.sum": {
            "value": -29.56999897956848,
            "min": -43.129997968673706,
            "max": -8.079999685287476,
            "count": 500
        },
        "SelfDriving.Policy.ExtrinsicReward.mean": {
            "value": -4.224285568509783,
            "min": -5.5099998116493225,
            "max": -3.079999711778429,
            "count": 500
        },
        "SelfDriving.Policy.ExtrinsicReward.sum": {
            "value": -29.56999897956848,
            "min": -43.129997968673706,
            "max": -8.079999685287476,
            "count": 500
        },
        "SelfDriving.IsTraining.mean": {
            "value": 1.0,
            "min": 1.0,
            "max": 1.0,
            "count": 500
        },
        "SelfDriving.IsTraining.sum": {
            "value": 1.0,
            "min": 1.0,
            "max": 1.0,
            "count": 500
        },
        "SelfDriving.Losses.PolicyLoss.mean": {
            "value": 0.03239765785013636,
            "min": 0.020657843685950392,
            "max": 0.04668085031832258,
            "count": 194
        },
        "SelfDriving.Losses.PolicyLoss.sum": {
            "value": 0.03239765785013636,
            "min": 0.020657843685950392,
            "max": 0.04668085031832258,
            "count": 194
        },
        "SelfDriving.Losses.ValueLoss.mean": {
            "value": 0.005604152544401586,
            "min": 0.0020792891290814927,
            "max": 0.2409585490822792,
            "count": 194
        },
        "SelfDriving.Losses.ValueLoss.sum": {
            "value": 0.005604152544401586,
            "min": 0.0020792891290814927,
            "max": 0.2409585490822792,
            "count": 194
        },
        "SelfDriving.Policy.LearningRate.mean": {
            "value": 1.264299578600016e-06,
            "min": 1.264299578600016e-06,
            "max": 0.0002983845005385,
            "count": 194
        },
        "SelfDriving.Policy.LearningRate.sum": {
            "value": 1.264299578600016e-06,
            "min": 1.264299578600016e-06,
            "max": 0.0002983845005385,
            "count": 194
        },
        "SelfDriving.Policy.Epsilon.mean": {
            "value": 0.10042140000000004,
            "min": 0.10042140000000004,
            "max": 0.1994615,
            "count": 194
        },
        "SelfDriving.Policy.Epsilon.sum": {
            "value": 0.10042140000000004,
            "min": 0.10042140000000004,
            "max": 0.1994615,
            "count": 194
        },
        "SelfDriving.Policy.Beta.mean": {
            "value": 3.102786000000025e-05,
            "min": 3.102786000000025e-05,
            "max": 0.00497312885,
            "count": 194
        },
        "SelfDriving.Policy.Beta.sum": {
            "value": 3.102786000000025e-05,
            "min": 3.102786000000025e-05,
            "max": 0.00497312885,
            "count": 194
        }
    },
    "metadata": {
        "timer_format_version": "0.1.0",
        "start_time_seconds": "1713529500",
        "python_version": "3.7.16 (default, Jan 17 2023, 16:06:28) [MSC v.1916 64 bit (AMD64)]",
        "command_line_arguments": "C:\\Users\\Gabor\\anaconda3\\envs\\rlvenv_unity\\Scripts\\mlagents-learn config.yaml --run-id=Test6",
        "mlagents_version": "0.28.0",
        "mlagents_envs_version": "0.28.0",
        "communication_protocol_version": "1.5.0",
        "pytorch_version": "1.7.1+cu110",
        "numpy_version": "1.21.6",
        "end_time_seconds": "1713530325"
    },
    "total": 824.578663,
    "count": 1,
    "self": 0.0058922000000620756,
    "children": {
        "run_training.setup": {
            "total": 0.06943729999999992,
            "count": 1,
            "self": 0.06943729999999992
        },
        "TrainerController.start_learning": {
            "total": 824.5033334999999,
            "count": 1,
            "self": 1.9293098000077862,
            "children": {
                "TrainerController._reset_env": {
                    "total": 12.916878,
                    "count": 1,
                    "self": 12.916878
                },
                "TrainerController.advance": {
                    "total": 809.6113647999921,
                    "count": 111250,
                    "self": 0.9898460999924055,
                    "children": {
                        "env_step": {
                            "total": 808.6215186999997,
                            "count": 111250,
                            "self": 534.9672485000142,
                            "children": {
                                "SubprocessEnvManager._take_step": {
                                    "total": 272.6022967999892,
                                    "count": 111250,
                                    "self": 5.221610000003579,
                                    "children": {
                                        "TorchPolicy.evaluate": {
                                            "total": 267.3806867999856,
                                            "count": 111250,
                                            "self": 141.25791350001137,
                                            "children": {
                                                "TorchPolicy.sample_actions": {
                                                    "total": 126.12277329997423,
                                                    "count": 111250,
                                                    "self": 126.12277329997423
                                                }
                                            }
                                        }
                                    }
                                },
                                "workers": {
                                    "total": 1.0519733999963403,
                                    "count": 111250,
                                    "self": 0.0,
                                    "children": {
                                        "worker_root": {
                                            "total": 810.654434400006,
                                            "count": 111250,